area,subfield,faculty,url
"Biological, behavioral sciences and health",Biology,Yiu Wing Kam,https://faculty.dukekunshan.edu.cn/faculty_profiles/yiu-wing-jason-kam
"Biological, behavioral sciences and health",Green & sustainable science & technology,Ka Leung Lam,https://faculty.dukekunshan.edu.cn/faculty_profiles/ka-leung-lam
"Biological, behavioral sciences and health",Green & sustainable science & technology,William Winner,https://faculty.dukekunshan.edu.cn/faculty_profiles/william-winner
"Biological, behavioral sciences and health",Molecular biology,Anastasia Tsigkou,https://faculty.dukekunshan.edu.cn/faculty_profiles/anastasia-tsigkou
"Biological, behavioral sciences and health",Molecular biology,Eunyu Kim,https://faculty.dukekunshan.edu.cn/faculty_profiles/eunyu-kim
"Biological, behavioral sciences and health",Molecular biology,Ferdinand Kappes,https://faculty.dukekunshan.edu.cn/faculty_profiles/ferdinand-kappes
"Biological, behavioral sciences and health",Molecular biology,Huansheng Cao,https://faculty.dukekunshan.edu.cn/faculty_profiles/huansheng-cao
"Biological, behavioral sciences and health",Molecular biology,Hyun-Min Kim,https://faculty.dukekunshan.edu.cn/faculty_profiles/hyun-min-kim
"Biological, behavioral sciences and health",Molecular biology,Jianbo Yue,https://faculty.dukekunshan.edu.cn/faculty_profiles/jianbo-yue
"Biological, behavioral sciences and health",Molecular biology,Joohyun Lee,https://faculty.dukekunshan.edu.cn/faculty_profiles/joohyun-lee
"Biological, behavioral sciences and health",Molecular biology,Linfeng Huang,https://faculty.dukekunshan.edu.cn/faculty_profiles/linfeng-huang
"Biological, behavioral sciences and health",Molecular biology,Xiangdong Gao,https://scholars.duke.edu/person/Xiangdong.Gao
"Biological, behavioral sciences and health",Molecular biology,Xianzhi Lin,https://faculty.dukekunshan.edu.cn/faculty_profiles/xianzhi-lin
"Biological, behavioral sciences and health",Neurosciences,Pedro Rada,https://faculty.dukekunshan.edu.cn/faculty_profiles/pedro-rada
"Biological, behavioral sciences and health",Neurosciences,Sze Chai Kwok,https://faculty.dukekunshan.edu.cn/faculty_profiles/sze-chai-kwok
"Biological, behavioral sciences and health","Psychology, biological",Eric Chen,https://faculty.dukekunshan.edu.cn/faculty_profiles/chia-chien-eric-chen
"Biological, behavioral sciences and health","Psychology, biological",Shan Wang,https://faculty.dukekunshan.edu.cn/faculty_profiles/shan-wang
Data and computer sciences,Artificial intelligence,Bing Luo,https://faculty.dukekunshan.edu.cn/faculty_profiles/bing-luo
Data and computer sciences,Artificial intelligence,Feng Tian,https://faculty.dukekunshan.edu.cn/faculty_profiles/feng-tian/
Data and computer sciences,Artificial intelligence,Kaizhu Huang,https://faculty.dukekunshan.edu.cn/faculty_profiles/kaizhu-huang
Data and computer sciences,Artificial intelligence,Ming Li,https://faculty.dukekunshan.edu.cn/faculty_profiles/ming-li
Data and computer sciences,Artificial intelligence,Ming-chun Huang,https://faculty.dukekunshan.edu.cn/faculty_profiles/ming-chun-huang
Data and computer sciences,Artificial intelligence,Mustafa Misir,https://faculty.dukekunshan.edu.cn/faculty_profiles/mustafa-misir
Data and computer sciences,Computer communication,Peng Sun,https://faculty.dukekunshan.edu.cn/faculty_profiles/peng-sun
Data and computer sciences,"Computer science, artificial intelligence",Miao Xiaoxiao,https://faculty.dukekunshan.edu.cn/faculty_profiles/xiaoxiao-miao
Data and computer sciences,"Computer science, artificial intelligence",Yucheng Jin,https://faculty.dukekunshan.edu.cn/faculty_profiles/yucheng-jin
Data and computer sciences,Data mining,Pengzhan Guo,https://faculty.dukekunshan.edu.cn/faculty_profiles/pengzhan-guo
Data and computer sciences,Software engineering,Jiang Long,https://faculty.dukekunshan.edu.cn/faculty_profiles/jiang-long
Environmental science and sustainability,Environmental science,Chi-Yeung(Jimmy) Choi,https://faculty.dukekunshan.edu.cn/faculty_profiles/chi-yeung-jimmy-choi
Environmental science and sustainability,Environmental science,Chuanhui Gu,https://faculty.dukekunshan.edu.cn/faculty_profiles/chuanhui-gu
Environmental science and sustainability,Environmental science,Ding Ma,https://faculty.dukekunshan.edu.cn/faculty_profiles/ding-ma
Environmental science and sustainability,Environmental science,Renee Richer,https://faculty.dukekunshan.edu.cn/faculty_profiles/renee-richer
Environmental science and sustainability,Environmental science,Tongshu Zheng,https://faculty.dukekunshan.edu.cn/faculty_profiles/tongshu-zheng
Environmental science and sustainability,Environmental science,Ya-Jou Chen,https://faculty.dukekunshan.edu.cn/faculty_profiles/yajou-chen
Environmental science and sustainability,Environmental science,Zuchuan Li,https://faculty.dukekunshan.edu.cn/faculty_profiles/zuchuan-li
Environmental science and sustainability,Green & sustainable science & technology,Ka Leung Lam,https://faculty.dukekunshan.edu.cn/faculty_profiles/ka-leung-lam
Environmental science and sustainability,Green & sustainable science & technology,William Winner,https://faculty.dukekunshan.edu.cn/faculty_profiles/william-winner
Environmental science and sustainability,"Materials science, coatings & films",Kwang Leong Choy,https://faculty.dukekunshan.edu.cn/faculty_profiles/kwang-leong-choy/
Environmental science and sustainability,Molecular biology,Anastasia Tsigkou,https://faculty.dukekunshan.edu.cn/faculty_profiles/anastasia-tsigkou
Environmental science and sustainability,Molecular biology,Eunyu Kim,https://faculty.dukekunshan.edu.cn/faculty_profiles/eunyu-kim
Environmental science and sustainability,Molecular biology,Ferdinand Kappes,https://faculty.dukekunshan.edu.cn/faculty_profiles/ferdinand-kappes
Environmental science and sustainability,Molecular biology,Huansheng Cao,https://faculty.dukekunshan.edu.cn/faculty_profiles/huansheng-cao
Environmental science and sustainability,Molecular biology,Hyun-Min Kim,https://faculty.dukekunshan.edu.cn/faculty_profiles/hyun-min-kim
Environmental science and sustainability,Molecular biology,Jianbo Yue,https://faculty.dukekunshan.edu.cn/faculty_profiles/jianbo-yue
Environmental science and sustainability,Molecular biology,Joohyun Lee,https://faculty.dukekunshan.edu.cn/faculty_profiles/joohyun-lee
Environmental science and sustainability,Molecular biology,Linfeng Huang,https://faculty.dukekunshan.edu.cn/faculty_profiles/linfeng-huang
Environmental science and sustainability,Molecular biology,Xiangdong Gao,https://scholars.duke.edu/person/Xiangdong.Gao
Environmental science and sustainability,Molecular biology,Xianzhi Lin,https://faculty.dukekunshan.edu.cn/faculty_profiles/xianzhi-lin
Environmental science and sustainability,Polymer science,Tan Zhang,https://faculty.dukekunshan.edu.cn/faculty_profiles/tan-zhang
Environmental science and sustainability,Polymer science,Xinrong Lin,https://faculty.dukekunshan.edu.cn/faculty_profiles/xinrong-lin/
Environmental science and sustainability,Psychiatry,Rebecca Hock,https://faculty.dukekunshan.edu.cn/faculty_profiles/rebecca-hock
"Math, physical and materials sciences",Applied math,Konstantinos Efstathiou,https://faculty.dukekunshan.edu.cn/faculty_profiles/konstantinos-efstathiou
"Math, physical and materials sciences",Applied math,Lee Heejin,https://faculty.dukekunshan.edu.cn/faculty_profiles/heejin-lee
"Math, physical and materials sciences",Applied math,Marcus Werner,https://faculty.dukekunshan.edu.cn/faculty_profiles/marcus-werner
"Math, physical and materials sciences",Applied math,May Georg,https://faculty.dukekunshan.edu.cn/faculty_profiles/georg-may
"Math, physical and materials sciences",Applied math,Shixin Xu,https://faculty.dukekunshan.edu.cn/faculty_profiles/shixin-xu
"Math, physical and materials sciences",Applied math,Xiaoqian Xu,https://faculty.dukekunshan.edu.cn/faculty_profiles/xiaoqian-xu
"Math, physical and materials sciences","Chemistry, medicinal",Floyd Beckford,https://faculty.dukekunshan.edu.cn/faculty_profiles/floyd-beckford
"Math, physical and materials sciences","Chemistry, organic",Rui Liu,https://faculty.dukekunshan.edu.cn/faculty_profiles/rui-liu
"Math, physical and materials sciences",Education & educational research,Paul Stanley,https://faculty.dukekunshan.edu.cn/faculty_profiles/paul-stanley
"Math, physical and materials sciences","Materials science, biomaterials",Weiwei Shi,https://faculty.dukekunshan.edu.cn/faculty_profiles/weiwei-shi
"Math, physical and materials sciences","Materials science, characterization & testing",Changcheng Zheng,https://faculty.dukekunshan.edu.cn/faculty_profiles/changcheng-zheng
"Math, physical and materials sciences","Materials science, multidisciplinary",Xiawa Wang,https://faculty.dukekunshan.edu.cn/faculty_profiles/xiawa-wang
"Math, physical and materials sciences","Mathematics, interdisciplinary applications",Pascal Grange,https://faculty.dukekunshan.edu.cn/faculty_profiles/pascal-grange
"Math, physical and materials sciences",Physics,Domna Kotsifaki,https://faculty.dukekunshan.edu.cn/faculty_profiles/domna-kotsifaki
"Math, physical and materials sciences","Physics, condensed matter",Myung-Joong Hwang,https://faculty.dukekunshan.edu.cn/faculty_profiles/myung-joong-hwang
"Math, physical and materials sciences","Physics, multidisciplinary",Kai Huang,https://faculty.dukekunshan.edu.cn/faculty_profiles/kai-huang
"Math, physical and materials sciences",Pure math,Zhenghui Huo,https://faculty.dukekunshan.edu.cn/faculty_profiles/zhenghui-huo
"Math, physical and materials sciences",Statistics & probability,Cristiano Villa,https://faculty.dukekunshan.edu.cn/faculty_profiles/cristiano-villa
"Math, physical and materials sciences",Statistics & probability,Dongmian Zou,https://faculty.dukekunshan.edu.cn/faculty_profiles/dongmian-zou
"Math, physical and materials sciences",Statistics & probability,Lin Jiu,https://faculty.dukekunshan.edu.cn/faculty_profiles/lin-jiu
"Math, physical and materials sciences",Statistics & probability,Xingshi Cai,https://faculty.dukekunshan.edu.cn/faculty_profiles/xingshi-cai
